"Issue ID","Issue Type","Summary","Description","Priority","Effort","Owner Role","Dependencies","Acceptance Criteria","Due Week","Epic Link","Labels"
"A-01","Story","Create KPI tree and baseline matrix","Define KPI baselines and targets by service line and city for calls, forms, chats, bookings, GBP actions, organic sessions, and rankings.","Highest","M","SEO","","KPI doc includes calls/forms/chats/bookings/GBP/rankings by city and is approved.","1","EPIC A - Strategy & Tracking Foundation","epic-a,kpi"
"A-02","Story","Define GA4/GTM event schema","Create event spec for call_click, form_submit, chat_start, booking_start, quote_submit and QA rules.","Highest","M","SEO","A-01","Event spec published with GTM implementation and QA checklist.","2","EPIC A - Strategy & Tracking Foundation","epic-a,analytics"
"A-03","Task","Implement call tracking with DNI","Deploy dynamic number insertion and source attribution for inbound calls.","Highest","M","Dev/Ops","A-02","At least 95% of tracked calls include source/medium and landing page.","3","EPIC A - Strategy & Tracking Foundation","epic-a,attribution"
"A-04","Task","Implement form and chat attribution fields","Add hidden fields for utm, gclid, landing_url, city_intent and persist into CRM/export.","Highest","M","Dev","A-02","At least 95% of form/chat leads include attribution fields.","3","EPIC A - Strategy & Tracking Foundation","epic-a,attribution"
"A-05","Task","Apply GBP UTM standards","Attach UTM parameters to GBP website, appointment, and post links.","Highest","S","SEO/Ops","A-02","All GBP links use standard UTM conventions and segment properly in GA4.","3","EPIC A - Strategy & Tracking Foundation","epic-a,gbp"
"A-06","Story","Build keyword-to-URL map","Map each primary query theme to a single URL to prevent cannibalization.","Highest","M","SEO","A-01,C-01","Map covers core terms with one canonical URL per intent.","4","EPIC A - Strategy & Tracking Foundation","epic-a,keyword-map"
"A-07","Task","Launch rank tracking by city","Track service+city and near me rankings across 10 OC cities.","Highest","M","SEO","A-06","Daily ranking data is available for all money terms and cities.","4","EPIC A - Strategy & Tracking Foundation","epic-a,rank-tracking"
"A-08","Story","Create dashboard spec and weekly SOP","Publish reporting dashboard and weekly operating rhythm for KPI review.","Highest","M","SEO/Ops","A-03,A-04,A-05,A-07","Dashboard includes leads, GBP actions, rankings, and city/page performance views.","5","EPIC A - Strategy & Tracking Foundation","epic-a,reporting"
"B-01","Story","Run technical baseline audit","Run crawl and GSC baseline and publish prioritized technical defect backlog.","Highest","M","SEO","","Backlog lists indexation, CWV, duplicate/thin/orphan issues with owners.","1","EPIC B - Technical SEO & Performance","epic-b,audit"
"B-02","Task","Implement robots sitemap canonical rules","Deploy robots.txt, sitemap index, and canonical/noindex logic by template.","Highest","M","Dev","B-01","Robots and sitemaps validate; canonical/noindex behavior matches template rules.","3","EPIC B - Technical SEO & Performance","epic-b,indexation"
"B-03","Task","Fix crawl hygiene issues","Resolve 404s, redirect chains/loops, and orphan money pages.","Highest","M","Dev","B-01","Critical crawl errors reduced by at least 80% and money pages are not orphaned.","4","EPIC B - Technical SEO & Performance","epic-b,crawl"
"B-04","Story","Core Web Vitals LCP sprint","Optimize LCP via hero media compression, preload, critical CSS, and caching.","Highest","M","Dev","B-01","75%+ key pages trend toward mobile LCP under 2.5s.","5","EPIC B - Technical SEO & Performance","epic-b,cwv"
"B-05","Story","Core Web Vitals CLS and INP sprint","Reduce layout shift and improve interaction latency on key templates.","High","M","Dev","B-04","75%+ key pages trend toward CLS under 0.1 and INP under 200ms.","6","EPIC B - Technical SEO & Performance","epic-b,cwv"
"B-06","Task","Implement image optimization strategy","Use responsive images, WebP/AVIF, lazy-load below fold, and alt-text standards.","Highest","M","Dev/Designer","B-04","Image payload reduced by at least 40% on key templates.","5","EPIC B - Technical SEO & Performance","epic-b,images"
"B-07","Task","Implement sitewide foundation schema","Add Organization, Website, and BreadcrumbList schema to templates.","High","S","Dev/SEO","C-01","No critical schema validation errors on core templates.","5","EPIC B - Technical SEO & Performance","epic-b,schema"
"B-08","Task","Implement money page schema","Add LocalBusiness/ProfessionalService, Service, FAQPage, and Review where valid.","Highest","M","Dev/SEO","C-03,C-04,C-05,C-06,C-07,C-08,C-09,C-10,C-11,C-12,D-08","Schema is valid and deployed on all target money/location pages.","9","EPIC B - Technical SEO & Performance","epic-b,schema"
"B-09","Task","Set security headers HTTPS and uptime monitoring","Configure security headers, verify HTTPS, and add uptime alerting.","High","S","Dev/Ops","B-01","Security headers active and uptime alerts configured with owner notification.","6","EPIC B - Technical SEO & Performance","epic-b,security"
"C-01","Story","Finalize IA sitemap and nav/footer","Approve architecture for B2B services, repair, and location page structure.","Highest","M","SEO/Dev","A-01,B-01","Approved IA includes all money pages and city page paths.","2","EPIC C - Information Architecture & Core Money Pages","epic-c,ia"
"C-02","Story","Create page template system","Create reusable page brief and UI sections for hero, trust, FAQs, CTA, and related links.","Highest","M","SEO/Designer/Content","C-01","Template pack approved and adopted for all new service pages.","3","EPIC C - Information Architecture & Core Money Pages","epic-c,templates"
"C-03","Story","Publish Managed IT Services money page","Launch /managed-it-services-orange-county/ with FAQ, trust proof, CTA, and tracking.","Highest","L","Content/Dev","C-02,B-02","Page is live, indexed, tracked, and linked from IA hubs.","4","EPIC C - Information Architecture & Core Money Pages","epic-c,money-page"
"C-04","Story","Publish IT Support and Helpdesk page","Launch high-intent IT support page with response-time messaging and conversion modules.","Highest","L","Content/Dev","C-02,B-02","Page is live with 2+ CTAs, FAQs, and internal links to related services.","4","EPIC C - Information Architecture & Core Money Pages","epic-c,money-page"
"C-05","Story","Publish Cybersecurity Services page","Launch cybersecurity page covering MDR, EDR, SIEM, incident response, and compliance.","Highest","L","Content/Dev","C-02,B-02","Page is live with service modules, proof elements, and CTA tracking.","5","EPIC C - Information Architecture & Core Money Pages","epic-c,money-page"
"C-06","Story","Publish Cloud cluster pages","Launch Cloud Services, Microsoft 365 Support, and Backup & DR pages.","Highest","L","Content/Dev","C-02,B-02","Three pages are live with distinct intent and cross-linking cluster.","6","EPIC C - Information Architecture & Core Money Pages","epic-c,money-pages"
"C-07","Story","Publish Networking Wi-Fi and VoIP page","Launch networking page with scope table, trust proof, and quote CTA.","Highest","M","Content/Dev","C-02,B-02","Page live with clear offer, local intent, and tracked conversion actions.","6","EPIC C - Information Architecture & Core Money Pages","epic-c,money-page"
"C-08","Story","Publish Surveillance Camera Installation page","Launch commercial CCTV/NVR/PoE installation page.","Highest","M","Content/Dev","C-02,B-02","Page live with commercial security intent and lead capture module.","6","EPIC C - Information Architecture & Core Money Pages","epic-c,money-page"
"C-09","Story","Publish Software Development and Web Development pages","Launch two pages with scoped offers, use cases, and inquiry flow.","High","M","Content/Dev","C-02,B-02","Both pages live and internally linked to core B2B pages.","7","EPIC C - Information Architecture & Core Money Pages","epic-c,money-pages"
"C-10","Story","Publish Repair Hub page","Launch repair hub linking all device and issue-specific repair pages.","Highest","M","Content/Dev/Designer","C-01,C-02,B-02","Hub page live with device navigation and local conversion CTA.","7","EPIC C - Information Architecture & Core Money Pages","epic-c,repair"
"C-11","Story","Publish device repair pages","Launch computer, laptop, phone, and game console repair pages.","Highest","L","Content/Dev","C-10,B-02","Four repair pages live with warranty/same-day messaging and click-to-call.","8","EPIC C - Information Architecture & Core Money Pages","epic-c,repair"
"C-12","Story","Publish Data Recovery page","Launch data recovery page with urgency flow, trust proof, and FAQs.","Highest","M","Content/Dev","C-10,B-02","Data recovery page live with triage CTA and schema-ready FAQ section.","8","EPIC C - Information Architecture & Core Money Pages","epic-c,repair"
"C-13","Task","Roll out conversion layer across money pages","Add sticky CTA, phone CTA, short form, trust bar, and event tracking on all money pages.","Highest","M","Dev/Designer","C-03,C-04,C-05,C-06,C-07,C-08,C-09,C-10,C-11,C-12,F-02","All money pages share consistent conversion components and tracked events.","9","EPIC C - Information Architecture & Core Money Pages","epic-c,cro"
"C-14","Task","Implement internal linking matrix and breadcrumbs","Deploy service-location-blog linking rules and breadcrumb consistency.","Highest","M","SEO/Content/Dev","C-03,C-04,C-05,C-06,C-07,C-08,C-09,C-10,C-11,C-12,D-08","Every money page has required contextual links and valid breadcrumb chain.","10","EPIC C - Information Architecture & Core Money Pages","epic-c,internal-links"
"D-01","Story","Configure GBP categories and services","Set primary/secondary categories, services, products, service areas, and booking link.","Highest","M","SEO/Ops","A-05","GBP profile is complete and aligned to service taxonomy.","3","EPIC D - Local SEO (GBP + Citations + Reviews + Location Pages)","epic-d,gbp"
"D-02","Task","Run weekly GBP post cadence","Publish one GBP post weekly for 12 weeks with UTM-tagged links.","High","M","SEO/Content","D-01","12-week posting cadence is executed and visible in analytics.","12","EPIC D - Local SEO (GBP + Citations + Reviews + Location Pages)","epic-d,gbp-content"
"D-03","Task","Implement GBP photo and Q&A program","Upload visual assets and seed Q&A entries for top service intents.","High","M","Ops/SEO","D-01","At least 30 media assets and 20 Q&A entries are live and accurate.","6","EPIC D - Local SEO (GBP + Citations + Reviews + Location Pages)","epic-d,gbp-assets"
"D-04","Story","Launch review acquisition workflow","Deploy compliant review request scripts and send cadence for B2B and repair segments.","Highest","M","Ops/SEO","D-01","Review request process is active with monthly target and owner.","6","EPIC D - Local SEO (GBP + Citations + Reviews + Location Pages)","epic-d,reviews"
"D-05","Task","Deploy review response SLA and templates","Respond to all new reviews within 48 hours using approved templates.","Highest","S","Ops","D-04","100% of new reviews receive responses within SLA.","6","EPIC D - Local SEO (GBP + Citations + Reviews + Location Pages)","epic-d,reviews"
"D-06","Story","Create NAP master and citation inventory","Publish canonical NAP and full citation baseline sheet.","Highest","S","SEO","","Single source of truth NAP approved and mismatch backlog created.","4","EPIC D - Local SEO (GBP + Citations + Reviews + Location Pages)","epic-d,nap"
"D-07","Task","Execute citation cleanup","Correct top 40 citations and suppress duplicates.","High","L","Ops","D-06","At least 90% of priority citation records are corrected and duplicate-free.","9","EPIC D - Local SEO (GBP + Citations + Reviews + Location Pages)","epic-d,citations"
"D-08","Story","Publish 10 location pages","Launch 5 primary and 5 nearby OC city pages with unique local content.","Highest","L","Content/SEO/Dev","C-02,D-06","10 location pages are published with unique copy, local proof, map, and CTAs.","10","EPIC D - Local SEO (GBP + Citations + Reviews + Location Pages)","epic-d,location-pages"
"D-09","Task","Implement local page interlinking","Interlink location pages with relevant service and repair pages and local hubs.","High","M","SEO/Dev","D-08,C-03,C-04,C-05,C-06,C-07,C-08,C-10,C-11,C-12","Each location page has required service and repair contextual links.","10","EPIC D - Local SEO (GBP + Citations + Reviews + Location Pages)","epic-d,internal-links"
"E-01","Story","Build 90-day editorial calendar","Plan 30 posts with keyword intent CTA and money-page link target.","High","M","SEO/Content","A-06,C-03,C-04","Calendar approved with owners, publish dates, and interlink targets.","5","EPIC E - Content Engine (Clusters + Editorial Calendar + Link Targets)","epic-e,calendar"
"E-02","Story","Publish 10 MSP and Cyber posts","Ship first content cluster and link each post to relevant money pages.","High","L","Content","E-01","10 posts live and indexed with required internal links and CTA.","8","EPIC E - Content Engine (Clusters + Editorial Calendar + Link Targets)","epic-e,content"
"E-03","Story","Publish 10 Cloud Network and Camera posts","Ship second content cluster reinforcing cloud/network/camera pages.","High","L","Content","E-01","10 posts live and linked to designated money pages.","10","EPIC E - Content Engine (Clusters + Editorial Calendar + Link Targets)","epic-e,content"
"E-04","Story","Publish 10 Repair and Data Recovery posts","Ship third cluster with local intent and transactional CTAs.","High","L","Content","E-01","10 posts live with strong conversion paths to repair/data pages.","12","EPIC E - Content Engine (Clusters + Editorial Calendar + Link Targets)","epic-e,content"
"E-05","Task","Create case study and testimonial templates and publish assets","Publish three B2B case studies and ten repair testimonials.","High","M","Content/Designer","C-03,C-04,C-05,C-06,C-07,C-08,C-10,C-11","Proof assets are published and linked from relevant money pages.","11","EPIC E - Content Engine (Clusters + Editorial Calendar + Link Targets)","epic-e,proof-assets"
"E-06","Task","Run monthly content optimization loop","Refresh underperforming pages and posts based on rank and conversion deltas.","High","M","SEO/Content","E-02,E-03,E-04","Top lagging URLs receive on-page refresh and tracking notes monthly.","12","EPIC E - Content Engine (Clusters + Editorial Calendar + Link Targets)","epic-e,optimization"
"F-01","Story","Define design tokens and typography system","Create font scale, spacing, color, and button standards for templates.","High","M","Designer","C-02","Design system spec approved and implemented in shared styles.","5","EPIC F - CRO + UX/Design System","epic-f,design-system"
"F-02","Story","Build conversion component library","Implement hero, trust bar, service cards, testimonials, FAQ, sticky CTA components.","High","M","Dev/Designer","F-01","Reusable components are live and used on page templates.","7","EPIC F - CRO + UX/Design System","epic-f,components"
"F-03","Task","Apply above-the-fold messaging rule","Ensure first viewport states audience, offer, proof, and primary CTA.","High","M","Designer/Dev","F-02,C-13","Home and all money pages pass above-the-fold checklist.","9","EPIC F - CRO + UX/Design System","epic-f,ux"
"F-04","Story","Run 3 A/B tests and deploy winners","Test CTA copy, hero layout, and form length/proof placement then ship winners.","High","M","SEO/Dev/Designer","A-08,F-03","Three tests completed with decision logs and winning variants deployed.","12","EPIC F - CRO + UX/Design System","epic-f,ab-testing"
"G-01","Story","Create local link gap and prospect list","Build and score 60 local and niche link prospects by relevance and authority.","High","M","SEO","A-06","Prospect sheet finalized with target URL mapping and outreach priority.","6","EPIC G - Authority Building (Digital PR + Partnerships + Local Links)","epic-g,links"
"G-02","Task","Execute outreach wave and partner pages","Run first 20 outreach targets and publish three partner pages.","High","L","SEO/Ops/Content","G-01,C-03,C-05,C-06,C-08","8+ new referring domains or 10 partner mentions achieved.","10","EPIC G - Authority Building (Digital PR + Partnerships + Local Links)","epic-g,outreach"
"G-03","Task","Run PR pitches and award submissions","Send 30 local pitches across five angles and submit six awards/badge entries.","Medium","M","SEO/Ops","G-01,E-05","30 pitches sent, 2+ placements, and 6 award submissions completed.","12","EPIC G - Authority Building (Digital PR + Partnerships + Local Links)","epic-g,pr"
"G-04","Task","Publish monthly authority performance report","Report referring domains, local mentions, and assisted conversion impact.","Medium","S","SEO","A-08,G-02,G-03","Monthly authority report published with trend analysis.","12","EPIC G - Authority Building (Digital PR + Partnerships + Local Links)","epic-g,reporting"
